id,bus_id,bus_number,license_plate,school_id,school_name,route_id,route_name,current_lat,current_lon,current_location_name,last_location_update,is_active,current_status,driver_name,driver_phone,capacity,created_at,updated_at
bus-hyd-001,BUS-HYD-01,Bus 1,TS-09-FA-0101,sch-001,Delhi Public School Nacharam,route-nacharam-a,Nacharam – Uppal – Ghatkesar Route,17.4211,78.5325,DPS Nacharam School Gate,2026-05-31T13:59:00.000Z,True,at_school,Ravi Shankar,+91-98490-21001,48,2025-01-01T00:00:00.000Z,2026-05-31T13:59:00.000Z
bus-hyd-002,BUS-HYD-02,Bus 2,TS-09-FA-0102,sch-001,Delhi Public School Nacharam,route-nacharam-b,Nacharam – Secunderabad – Trimulgherry Route,17.432,78.51,Nacharam Main Road Near DPS Gate,2026-05-31T13:59:00.000Z,True,in_transit,Suresh Chandra,+91-98490-21002,52,2025-01-01T00:00:00.000Z,2026-05-31T13:59:00.000Z
bus-hyd-003,BUS-HYD-03,Bus 3,TS-09-FA-0201,sch-002,Oakridge International School Begumpet,route-begumpet-a,Begumpet – Ameerpet – Punjagutta Route,17.4432,78.4674,Sardar Patel Road Begumpet,2026-05-31T13:59:00.000Z,True,in_transit,Mohammed Salim,+91-98490-22001,44,2025-01-01T00:00:00.000Z,2026-05-31T13:59:00.000Z
bus-hyd-004,BUS-HYD-04,Bus 4,TS-09-FA-0202,sch-002,Oakridge International School Begumpet,route-begumpet-b,Begumpet – Banjara Hills – Jubilee Hills Route,17.418,78.4382,Rainbow Children's Hospital Road No 2,2026-05-31T13:59:00.000Z,True,in_transit,Lakshmi Narayana,+91-98490-22002,44,2025-01-01T00:00:00.000Z,2026-05-31T13:59:00.000Z
bus-hyd-005,BUS-HYD-05,Bus 5,TS-09-FA-0301,sch-003,St. Patrick High School Secunderabad,route-secunderabad-a,Secunderabad – Bowenpally – Alwal Route,17.4441,78.4986,St Patrick School Gate MG Road,2026-05-31T13:59:00.000Z,True,at_school,Venkat Rao,+91-98490-23001,50,2025-01-01T00:00:00.000Z,2026-05-31T13:59:00.000Z
bus-hyd-006,BUS-HYD-06,Bus 6,TS-09-FA-0302,sch-003,St. Patrick High School Secunderabad,route-secunderabad-b,Secunderabad – Karkhana – Trimulgherry Route,17.4441,78.4986,Secunderabad Station Area,2026-05-31T13:59:00.000Z,True,at_school,Sridevi Rao,+91-98490-23002,44,2025-01-01T00:00:00.000Z,2026-05-31T13:59:00.000Z
bus-hyd-007,BUS-HYD-07,Bus 7,TS-09-FA-0401,sch-004,Glendale Academy Hyderabad,route-kukatpally-a,Kukatpally – KPHB – Miyapur Route,17.485,78.3979,KPHB Colony Main Road Near KIMS,2026-05-31T13:59:00.000Z,True,in_transit,Nagaraju Goud,+91-98490-24001,48,2025-01-01T00:00:00.000Z,2026-05-31T13:59:00.000Z
bus-hyd-008,BUS-HYD-08,Bus 8,TS-09-FA-0402,sch-004,Glendale Academy Hyderabad,route-kukatpally-b,Kukatpally – Balanagar – SR Nagar Route,17.44,78.425,Balanagar X Roads,2026-05-31T13:59:00.000Z,True,in_transit,Praveen Kumar,+91-98490-24002,44,2025-01-01T00:00:00.000Z,2026-05-31T13:59:00.000Z
bus-hyd-009,BUS-HYD-09,Bus 9,TS-09-FA-0501,sch-005,Chirec International School,route-banjara-a,Banjara Hills – Jubilee Hills – Madhapur Route,17.4241,78.42,Banjara Hills Road No 12 Near Chirec,2026-05-31T13:59:00.000Z,True,in_transit,Srinivas Reddy,+91-98490-25001,52,2025-01-01T00:00:00.000Z,2026-05-31T13:59:00.000Z
bus-hyd-010,BUS-HYD-10,Bus 10,TS-09-FA-0502,sch-005,Chirec International School,route-banjara-b,Banjara Hills – Gachibowli – HITEC City Route,17.4126,78.375,Nanakramguda Financial District,2026-05-31T13:59:00.000Z,True,in_transit,Anitha Kumari,+91-98490-25002,48,2025-01-01T00:00:00.000Z,2026-05-31T13:59:00.000Z
bus-hyd-011,BUS-HYD-11,Bus 11,TS-09-FA-0601,sch-006,Bharatiya Vidya Bhavan Jubilee Hills,route-jubilee-a,Jubilee Hills – Banjara Hills – Film Nagar Route,17.4178,78.4345,Jubilee Hills Check Post Metro,2026-05-31T13:59:00.000Z,True,at_school,Kishore Babu,+91-98490-26001,46,2025-01-01T00:00:00.000Z,2026-05-31T13:59:00.000Z
bus-hyd-012,BUS-HYD-12,Bus 12,TS-09-FA-0701,sch-007,Hyderabad Public School Begumpet,route-hps-a,HPS Begumpet – Secunderabad – Bolarum Route,17.4432,78.4674,HPS School Gate Begumpet,2026-05-31T13:59:00.000Z,True,at_school,Abdul Jabbar,+91-98490-27001,50,2025-01-01T00:00:00.000Z,2026-05-31T13:59:00.000Z
bus-hyd-013,BUS-HYD-13,Bus 13,TS-09-FA-0702,sch-007,Hyderabad Public School Begumpet,route-hps-b,HPS Begumpet – Ameerpet – SR Nagar Route,17.438,78.442,Ameerpet Metro Station Road,2026-05-31T13:59:00.000Z,True,in_transit,Fatima Begum,+91-98490-27002,44,2025-01-01T00:00:00.000Z,2026-05-31T13:59:00.000Z
bus-hyd-014,BUS-HYD-14,Bus 14,TS-09-FA-0801,sch-008,Indus International School,route-madhapur-a,Madhapur – Kondapur – Gachibowli Route,17.4477,78.3742,HITEC City Metro Station Road,2026-05-31T13:59:00.000Z,True,in_transit,Rajkumar,+91-98490-28001,48,2025-01-01T00:00:00.000Z,2026-05-31T13:59:00.000Z
bus-hyd-015,BUS-HYD-15,Bus 15,TS-09-FA-0901,sch-009,Vidyaranya High School Himayatnagar,route-himayat-a,Himayatnagar – Narayanguda – Kachiguda Route,17.4065,78.4827,Himayatnagar Telugu Talli Flyover,2026-05-31T13:59:00.000Z,True,in_transit,Padmaja,+91-98490-29001,46,2025-01-01T00:00:00.000Z,2026-05-31T13:59:00.000Z
bus-hyd-016,BUS-HYD-16,Bus 16,TS-09-FA-1001,sch-010,Little Flower High School Abids,route-abids-a,Abids – Nampally – Lakdikapul Route,17.393,78.4551,Nampally Station Road,2026-05-31T13:59:00.000Z,True,at_school,Thomas Mathew,+91-98490-30001,52,2025-01-01T00:00:00.000Z,2026-05-31T13:59:00.000Z
bus-hyd-017,BUS-HYD-17,Bus 17,TS-09-FA-1701,sch-017,Narayana Olympiad School Kompally,route-kompally-a,Kompally – Alwal – Secunderabad Route,17.5387,78.4768,Kompally Main Junction,2026-05-31T13:59:00.000Z,True,in_transit,Ravi Prasad,+91-98490-37001,50,2025-01-01T00:00:00.000Z,2026-05-31T13:59:00.000Z
bus-hyd-018,BUS-HYD-18,Bus 18,TS-09-FA-1702,sch-017,Narayana Olympiad School Kompally,route-kompally-b,Kompally – Medchal – Jeedimetla Route,17.51,78.45,Jeedimetla Industrial Area Road,2026-05-31T13:59:00.000Z,True,in_transit,Savitha Devi,+91-98490-37002,44,2025-01-01T00:00:00.000Z,2026-05-31T13:59:00.000Z
bus-hyd-019,BUS-HYD-19,Bus 19,TS-09-FA-1901,sch-019,St. Ann's High School Secunderabad,route-stanns-a,Secunderabad – Marredpally – East Marredpally Route,17.4441,78.4986,St. Ann's School Gate East,2026-05-31T13:59:00.000Z,True,at_school,Sunanda Rao,+91-98490-39001,48,2025-01-01T00:00:00.000Z,2026-05-31T13:59:00.000Z
bus-hyd-020,BUS-HYD-20,Bus 20,TS-09-FA-2001,sch-020,The Shishuvan School LB Nagar,route-lbnagar-a,LB Nagar – Saroor Nagar – Dilsukhnagar Route,17.3451,78.551,LB Nagar Circle Near Gleneagles,2026-05-31T13:59:00.000Z,True,in_transit,Bhaskar Rao,+91-98490-40001,44,2025-01-01T00:00:00.000Z,2026-05-31T13:59:00.000Z
